player,position,adp
Jahmyr Gibbs,RB,1.0
Bijan Robinson,RB,2.0
Ja'Marr Chase,WR,3.0
Puka Nacua,WR,4.0
Jaxon Smith-Njigba,WR,5.0
Christian McCaffrey,RB,6.0
Amon-Ra St. Brown,WR,7.0
Jonathan Taylor,RB,8.0
CeeDee Lamb,WR,9.0
Justin Jefferson,WR,10.0
Ashton Jeanty,RB,11.0
James Cook III,RB,12.0
Saquon Barkley,RB,13.0
Omarion Hampton,RB,14.0
Kenneth Walker III,RB,15.0
Chase Brown,RB,16.0
De'Von Achane,RB,17.0
Derrick Henry,RB,18.0
A.J. Brown,WR,19.0
Drake London,WR,20.0
Brock Bowers,TE,21.0
Nico Collins,WR,22.0
George Pickens,WR,23.0
Jeremiyah Love,RB,24.0
Rashee Rice,WR,25.0
DeVonta Smith,WR,26.0
Breece Hall,RB,27.0
Trey McBride,TE,28.0
Chris Olave,WR,29.0
Zay Flowers,WR,30.0
Kyren Williams,RB,31.0
Tee Higgins,WR,32.0
Emeka Egbuka,WR,33.0
Travis Etienne Jr.,RB,34.0
Josh Allen,QB,35.0
Ladd McConkey,WR,36.0
Javonte Williams,RB,37.0
Malik Nabers,WR,38.0
Tetairoa McMillan,WR,39.0
Garrett Wilson,WR,40.0
Josh Jacobs,RB,41.0
Jaylen Waddle,WR,42.0
Cam Skattebo,RB,43.0
Luther Burden III,WR,44.0
Terry McLaurin,WR,45.0
Mike Evans,WR,46.0
Colston Loveland,TE,47.0
David Montgomery,RB,48.0
Davante Adams,WR,49.0
Jameson Williams,WR,50.0
D'Andre Swift,RB,51.0
TreVeyon Henderson,RB,52.0
Quinshon Judkins,RB,53.0
Bucky Irving,RB,54.0
Lamar Jackson,QB,55.0
Bhayshul Tuten,RB,56.0
DJ Moore,WR,57.0
Christian Watson,WR,58.0
Carnell Tate,WR,59.0
Rome Odunze,WR,60.0
Brian Thomas Jr.,WR,61.0
Jadarian Price,RB,62.0
Jordyn Tyson,WR,63.0
Tyler Warren,TE,64.0
Drake Maye,QB,65.0
Jayden Daniels,QB,66.0
Joe Burrow,QB,67.0
Parker Washington,WR,68.0
Marvin Harrison Jr.,WR,69.0
Caleb Williams,QB,70.0
Jalen Hurts,QB,71.0
Tony Pollard,RB,72.0
Makai Lemon,WR,73.0
Jaylen Warren,RB,74.0
Quentin Johnston,WR,75.0
Chuba Hubbard,RB,76.0
Rhamondre Stevenson,RB,77.0
DK Metcalf,WR,78.0
Alec Pierce,WR,79.0
Dak Prescott,QB,80.0
Justin Herbert,QB,81.0
Tucker Kraft,TE,82.0
Courtland Sutton,WR,83.0
Jayden Reed,WR,84.0
Trevor Lawrence,QB,85.0
RJ Harvey,RB,86.0
Rico Dowdle,RB,87.0
Chris Godwin Jr.,WR,88.0
Jordan Addison,WR,89.0
Josh Downs,WR,90.0
Blake Corum,RB,91.0
Patrick Mahomes II,QB,92.0
Kyle Monangai,RB,93.0
Xavier Worthy,WR,94.0
Brock Purdy,QB,95.0
Sam LaPorta,TE,96.0
Ricky Pearsall,WR,97.0
J.K. Dobbins,RB,98.0
Michael Pittman Jr.,WR,99.0
Michael Wilson,WR,100.0
Jaxson Dart,QB,101.0
Jonathon Brooks,RB,102.0
Harold Fannin Jr.,TE,103.0
Matthew Stafford,QB,104.0
Kyle Pitts Sr.,TE,105.0
Jakobi Meyers,WR,106.0
Bo Nix,QB,107.0
Kenny Gainwell,RB,108.0
Rachaad White,RB,109.0
Jared Goff,QB,110.0
Matthew Golden,WR,111.0
Kyler Murray,QB,112.0
Jordan Love,QB,113.0
George Kittle,TE,114.0
Wan'Dale Robinson,WR,115.0
Jordan Mason,RB,116.0
Romeo Doubs,WR,117.0
Baker Mayfield,QB,118.0
KC Concepcion,WR,119.0
Aaron Jones Sr.,RB,120.0
Travis Kelce,TE,121.0
Jacory Croskey-Merritt,RB,122.0
Tyler Shough,QB,123.0
Jayden Higgins,WR,124.0
Mark Andrews,TE,125.0
Khalil Shakir,WR,126.0
Chris Rodriguez Jr.,RB,127.0
Dalton Kincaid,TE,128.0
Jake Ferguson,TE,129.0
Isaiah Likely,TE,130.0
Jalen Coker,WR,131.0
Rashid Shaheed,WR,132.0
Malik Willis,QB,133.0
Stefon Diggs,WR,134.0
Tyrone Tracy Jr.,RB,135.0
Dallas Goedert,TE,136.0
Keaton Mitchell,RB,137.0
Cam Ward,QB,138.0
Chig Okonkwo,TE,139.0
Sam Darnold,QB,140.0
C.J. Stroud,QB,141.0
Travis Hunter,WR,142.0
Woody Marks,RB,143.0
Omar Cooper Jr.,WR,144.0
Jalen McMillan,WR,145.0
Daniel Jones,QB,146.0
Jalen Nailor,WR,147.0
Isiah Pacheco,RB,148.0
Oronde Gadsden II,TE,149.0
Brenton Strange,TE,150.0
Hunter Henry,TE,151.0
Jauan Jennings,WR,152.0
Tre Tucker,WR,153.0
Denzel Boston,WR,154.0
Tyjae Spears,RB,155.0
Jonah Coleman,RB,156.0
Juwan Johnson,TE,157.0
Bryce Young,QB,158.0
Zach Charbonnet,RB,159.0
Ryan Flournoy,WR,160.0
Kenyon Sadiq,TE,161.0
Tyler Allgeier,RB,162.0
Tank Bigsby,RB,163.0
Deebo Samuel Sr.,WR,164.0
Tre' Harris,WR,165.0
Isaac TeSlaa,WR,166.0
T.J. Hockenson,TE,167.0
Dalton Schultz,TE,168.0
Brian Robinson Jr.,RB,169.0
Adonai Mitchell,WR,170.0
Dylan Sampson,RB,171.0
De'Zhaun Stribling,WR,172.0
Fernando Mendoza,QB,173.0
Alvin Kamara,RB,174.0
AJ Barner,TE,175.0
Antonio Williams,WR,176.0
Aaron Rodgers,QB,177.0
Greg Dulcich,TE,178.0
Zachariah Branch,WR,179.0
Jerry Jeudy,WR,180.0
Gunnar Helm,TE,181.0
Malik Washington,WR,182.0
Sean Tucker,RB,183.0
Geno Smith,QB,184.0
Germie Bernard,WR,185.0
Cade Otton,TE,186.0
Calvin Ridley,WR,187.0
Terrance Ferguson,TE,188.0
Dontayvion Wicks,WR,189.0
Emmett Johnson,RB,190.0
Ray Davis,RB,191.0
Pat Freiermuth,TE,192.0
Jaydon Blue,RB,193.0
MarShawn Lloyd,RB,194.0
Jacoby Brissett,QB,195.0
Tank Dell,WR,196.0
Ted Hurst III,WR,197.0
Mike Washington Jr.,RB,198.0
Kaytron Allen,RB,199.0
Darnell Mooney,WR,200.0
Cooper Kupp,WR,201.0
Pat Bryant,WR,202.0
Mike Gesicki,TE,203.0
Elijah Sarratt,WR,204.0
Braelon Allen,RB,205.0
Tua Tagovailoa,QB,206.0
Jaylin Noel,WR,207.0
Keon Coleman,WR,208.0
Nicholas Singleton,RB,209.0
Eli Stowers,TE,210.0
Rashod Bateman,WR,211.0
Colby Parkinson,TE,212.0
Jordan James,RB,213.0
Tyquan Thornton,WR,214.0
David Njoku,TE,215.0
George Holani,RB,216.0
Kayshon Boutte,WR,217.0
Troy Franklin,WR,218.0
Evan Engram,TE,219.0
Keenan Allen,WR,220.0
Chris Brazzell II,WR,221.0
Brandon Aiyuk,WR,222.0
Justice Hill,RB,223.0
Demond Claiborne,RB,224.0
Christian Kirk,WR,225.0
Malachi Fields,WR,226.0
Shedeur Sanders,QB,227.0
Chris Bell,WR,228.0
Kimani Vidal,RB,229.0
Kaelon Black,RB,230.0
Tyreek Hill,WR,231.0
Darnell Washington,TE,232.0
Tory Horton,WR,233.0
Deshaun Watson,QB,234.0
Michael Penix Jr.,QB,235.0
Samaje Perine,RB,236.0
Devaughn Vele,WR,237.0
Michael Mayer,TE,238.0
Andrei Iosivas,WR,239.0
Ja'Kobi Lane,WR,240.0
Jack Bech,WR,241.0
James Conner,RB,242.0
DJ Giddens,RB,243.0
Skyler Bell,WR,244.0
Darius Slayton,WR,245.0
Kirk Cousins,QB,246.0
Charlie Kolar,TE,247.0
Jalen Tolbert,WR,248.0
Jake Tonges,TE,249.0
Theo Johnson,TE,250.0
Caleb Douglas,WR,251.0
Zavion Thomas,WR,252.0
John Metchie III,WR,253.0
Emanuel Wilson,RB,253.0
Jaylen Wright,RB,254.0
Carson Beck,QB,255.0
Dawson Knox,TE,256.0
Raheim Sanders,RB,256.0
LeQuint Allen Jr.,RB,257.0
Ja'Tavion Sanders,TE,258.0
Drew Lock,QB,259.0
Chimere Dike,WR,259.0
Devontez Walker,WR,260.0
Damien Martinez,RB,260.0
Ty Johnson,RB,261.0
Jam Miller,RB,262.0
Jahan Dotson,WR,262.0
Alexander Mattison,RB,263.0
Adam Randall,RB,263.0
Elijah Arroyo,TE,264.0
Zach Ertz,TE,264.0
Hollywood Brown,WR,265.0
Quinn Ewers,QB,265.0
Eli Raridon,TE,266.0
Erick All Jr.,TE,267.0
Mason Taylor,TE,268.0
J.J. McCarthy,QB,269.0
KaVontae Turpin,WR,270.0
Cole Kmet,TE,271.0
Chris Brooks,RB,272.0
Elic Ayomanor,WR,273.0
Michael Carter,RB,273.0
Rasheen Ali,RB,274.0
Cyrus Allen,WR,274.0
Savion Williams,WR,275.0
Brenen Thompson,WR,276.0
Tez Johnson,WR,277.0
Sam Howell,QB,277.0
Malik Davis,RB,278.0
Ollie Gordon II,RB,279.0
Isaiah Bond,WR,280.0
Oscar Delp,TE,281.0
Kyle Williams,WR,282.0
Kalif Raymond,WR,283.0
Justin Joly,TE,284.0
Spencer Rattler,QB,285.0
Emari Demercado,RB,285.0
Jarrett Stidham,QB,286.0
Odell Beckham Jr.,WR,286.0
Kendrick Bourne,WR,287.0
Justin Fields,QB,288.0
Treylon Burks,WR,289.0
Najee Harris,RB,290.0
Kendre Miller,RB,291.0
Marvin Mims Jr.,WR,291.0
Xavier Legette,WR,292.0
Bryce Lance,WR,293.0
Tahj Brooks,RB,294.0
Nick Westbrook-Ikhine,WR,295.0
Joe Flacco,QB,296.0
Tyrod Taylor,QB,297.0
Trevor Etienne,RB,297.0
Trey Benson,RB,298.0
Kevin Coleman Jr.,WR,299.0
Dyami Brown,WR,300.0
Olamide Zaccheaus,WR,301.0
Mack Hollins,WR,302.0
Isaiah Davis,RB,303.0
Mac Jones,QB,304.0
Tutu Atwell,WR,305.0
Nick Mullens,QB,305.0
Roman Wilson,WR,306.0
Phil Mafah,RB,307.0
Andy Dalton,QB,308.0
Noah Gray,TE,308.0
Anthony Richardson Sr.,QB,309.0
Calvin Austin III,WR,310.0
Jake Browning,QB,310.0
Konata Mumpfield,WR,311.0
Joshua Palmer,WR,312.0
Tommy DeVito,QB,313.0
Luke McCaffrey,WR,313.0
Malik Benson,WR,314.0
Joe Mixon,RB,315.0
DeMario Douglas,WR,317.0
Jalen Royals,WR,318.0
Michael Trigg,TE,319.0
Tanner Koziol,TE,320.0
Ben Sinnott,TE,321.0
Cade Klubnik,QB,322.0
Deion Burks,WR,323.0
Jahdae Walker,WR,324.0
Audric Estime,RB,325.0
Isaac Guerendo,RB,325.0
Jordan Whittington,WR,326.0
Ashton Dulin,WR,327.0
Jacob Cowing,WR,328.0
Kareem Hunt,RB,329.0
Darren Waller,TE,330.0
Jaylin Lane,WR,331.0
Max Klare,TE,332.0
Taylen Green,QB,333.0
Luke Musgrave,TE,334.0
CJ Daniels,WR,335.0
Daniel Bellinger,TE,336.0
Kaleb Johnson,RB,337.0
Seth McGowan,RB,338.0
KeAndre Lambert-Smith,WR,339.0
Colbie Young,WR,340.0
Mitchell Evans,TE,341.0
Jackson Hawes,TE,342.0
Tommy Tremble,TE,343.0
Matt Hibner,TE,344.0
Josh Oliver,TE,345.0
Jawhar Jordan,RB,346.0
Dont'e Thornton Jr.,WR,347.0
Greg Dortch,WR,348.0
Kyle Juszczyk,RB,349.0
Ty Simpson,QB,350.0
Joe Milton III,QB,351.0
Devin Singletary,RB,352.0
Eli Heidenreich,RB,353.0
Riley Leonard,QB,354.0
Elijah Moore,WR,355.0
Rakim Jarrett,WR,356.0
Ja'Lynn Polk,WR,357.0
Josh Cameron,WR,358.0
Jack Endries,TE,359.0
Jerome Ford,RB,360.0
Elijah Higgins,TE,361.0
Xavier Hutchinson,WR,362.0
Noah Fant,TE,363.0
Will Shipley,RB,364.0
Gardner Minshew II,QB,365.0
Isaiah Williams,WR,366.0
Tyler Higbee,TE,366.0
Van Jefferson,WR,367.0
Sam Roush,TE,368.0
Demarcus Robinson,WR,369.0
John Bates,TE,370.0
Luke Schoonmaker,TE,371.0
Barion Brown,WR,372.0
Will Howard,QB,373.0
Tyrell Shavers,WR,374.0
Marlin Klein,TE,375.0
Brevyn Spann-Ford,TE,376.0
Nate Boerkircher,TE,377.0
Xavier Smith,WR,378.0
Brashard Smith,RB,379.0
Trey Lance,QB,380.0
Jalen Milroe,QB,381.0
Marcus Mariota,QB,382.0
Jameis Winston,QB,383.0
Tyler Huntley,QB,384.0
Tyson Bagent,QB,385.0
Tanner McKee,QB,386.0
Davis Mills,QB,387.0
Kyle Allen,QB,388.0
Teddy Bridgewater,QB,389.0
Tim Patrick,WR,390.0
Jarquez Hunter,RB,391.0
Isaiah Hodgins,WR,392.0
Devin Neal,RB,393.0
Cedric Tillman,WR,393.0
Kenny McIntosh,RB,394.0
Ricky White III,WR,395.0
Nick Chubb,RB,396.0
Terrace Marshall Jr.,WR,397.0
Taysom Hill,TE,398.0
Austin Ekeler,RB,399.0
Mitch Tinsley,WR,400.0
Brandin Cooks,WR,401.0
Jonnu Smith,TE,402.0
Robert Henry Jr.,RB,403.0
